,ps_reg_01,ps_reg_02,ps_reg_03,ps_car_11,ps_car_12,ps_car_13,ps_car_14,ps_car_15,ps_calc_01,ps_calc_02,ps_calc_03
181649,0.7,0.3,0.66473679,1.0,0.3160696126,0.5309044209,0.3556683849,2.2360679775,0.0,0.3,0.6
567790,0.9,0.3,0.7399324293,3.0,0.316227766,0.7014006059000001,0.3615245497,3.3166247904,0.3,0.4,0.0
347699,0.6,0.2,0.5994789403999999,3.0,0.4,0.784653948,0.3708099244,3.3166247904,0.3,0.3,0.2
560248,0.4,0.0,0.4683748499,3.0,0.316227766,0.7286209095,0.3615245497,3.4641016151,0.5,0.6,0.2
326860,0.9,0.2,0.515994186,3.0,0.3152776554,0.4876152121,0.3521363372,1.4142135624,0.4,0.0,0.1
534530,0.7,0.3,0.7603453162999999,2.0,0.316227766,0.7662158814,0.3687817783,3.7416573868,0.0,0.9,0.2
11739,0.9,0.3,0.7211102551,2.0,0.5656854249000001,1.4522709489,0.5186520992,3.4641016151,0.9,0.1,0.9
319770,0.9,0.3,0.6712860790999999,2.0,0.4,0.793582212,0.3708099244,3.4641016151,0.7,0.6,0.8
271947,0.4,0.0,0.6642665128,2.0,0.4,0.6485998907,0.3937003937,2.4494897428,0.1,0.7,0.1
260421,0.0,0.0,0.7566372975,1.0,0.316227766,0.5845991775,0.3619392214,2.6457513111,0.9,0.0,0.4
91559,0.8,0.6,1.05,3.0,0.4,0.9421379766,0.3848376281000001,3.7416573868,0.1,0.3,0.3
584906,0.8,0.5,0.7745966692,3.0,0.3741657387,0.7324390365000001,0.3926830783,3.1622776602,0.6,0.7,0.4
280644,0.8,1.5,0.8821139382,3.0,0.4242640687,0.9303647201,0.3474190553,3.3166247904,0.5,0.5,0.0
180564,0.6,0.2,0.7097534783,2.0,0.316227766,0.7119261498999999,0.3666060556,3.4641016151,0.7,0.7,0.3
209696,0.9,0.2,0.7794228634,3.0,0.316227766,0.8023210131999999,0.2944486373,3.7416573868,0.9,0.0,0.6
353353,0.9,0.8,1.2093386622,2.0,0.4,0.7054100267,0.3937003937,3.0,0.2,0.5,0.5
474112,0.7,0.4,0.9233092656,3.0,0.4472135955,1.275087098,0.3794733192,3.6055512755,0.0,0.8,0.4
519006,0.7,0.3,0.7369701486,2.0,0.316227766,0.8071734173,0.3615245497,3.7416573868,0.5,0.4,0.6
87747,0.0,0.0,1.8843102186000005,3.0,0.3741657387,0.6295905793,0.3926830783,2.4494897428,0.3,0.0,0.1
127855,0.9,0.4,1.1155155759,2.0,0.3741657387,0.8310851215999999,0.3246536616,3.6055512755,0.8,0.6,0.4
15825,0.6,0.2,0.5309190145,2.0,0.316227766,0.694373045,0.3008321791,3.1622776602,0.0,0.8,0.4
444317,0.8,0.3,0.7445636306,0.0,0.4242640687,0.9733536641,0.4308131846,3.6055512755,0.1,0.0,0.2
368914,0.9,0.3,0.7271519786,3.0,0.3160696126,0.6416823189,0.3744329045000001,2.6457513111,0.0,0.0,0.0
281839,0.7,1.0,1.069170239,3.0,0.4,0.6962265472,0.3685105155,3.0,0.7,0.4,0.2
577382,0.9,0.3,0.6133922073,2.0,0.316227766,0.6474520947,0.30331501780000003,3.1622776602,0.1,0.4,0.5
286442,0.9,0.7,1.1739356881999998,0.0,0.4,0.8738392537,0.423083916,3.3166247904,0.2,0.5,0.3
368850,0.4,0.3,0.6062177826,3.0,0.3998749805,0.6645541599,0.3817066937,2.4494897428,0.4,0.6,0.3
462996,0.3,0.0,0.7611668674,2.0,0.4,1.0245438413,0.4022437072,3.6055512755,0.2,0.4,0.9
554117,0.8,0.2,0.5640257086,3.0,0.316227766,0.6771964570000001,0.3667424164,3.0,0.6,0.1,0.7
154542,0.7,0.6,0.938083152,1.0,0.3160696126,0.6616564488000001,0.3744329045000001,2.8284271247,0.0,0.1,0.1
434350,0.9,1.5,1.9059118553,3.0,0.4472135955,1.073882275,0.3714835124,3.3166247904,0.5,0.2,0.3
467884,0.4,0.2,0.5884301148,3.0,0.316227766,0.7356618429,0.299165506,3.6055512755,0.1,0.4,0.5
255166,0.9,0.4,0.7382411529999999,2.0,0.3155946768,0.5456439064999999,0.3687817783,1.7320508076,0.3,0.7,0.5
249428,0.4,0.3,0.5367727638,3.0,0.3998749805,0.5884388928000001,0.3807886553,2.0,0.8,0.6,0.0
74252,0.5,0.6,1.3091027462,3.0,0.4,0.8632176018000001,0.3834057903,3.6055512755,0.5,0.0,0.1
207147,0.4,0.0,0.5916079783,3.0,0.316227766,0.7208380109,0.299165506,3.4641016151,0.5,0.6,0.7
436881,0.6,0.4,0.7737893770000001,0.0,0.4242640687,0.839532042,0.33615472630000004,3.1622776602,0.9,0.8,0.0
388544,0.4,0.4,0.7079901129,3.0,0.5477225575,1.7149986146,0.4358898944,3.7416573868,0.9,0.8,0.3
492017,0.9,1.3,1.7762319668000002,0.0,0.4,0.5840157362,0.4049691346,2.2360679775,0.9,0.7,0.6
508768,0.6,0.4,0.7119515433,3.0,0.4,0.8791783354,0.3848376281000001,3.6055512755,0.5,0.7,0.2
295222,0.8,0.3,0.4987484336,2.0,0.3741657387,0.7992362056,0.3307567082,3.6055512755,0.5,0.1,0.9
85645,0.4,0.0,0.6878408246,1.0,0.3160696126,0.6785223371,0.3744329045000001,3.0,0.7,0.4,0.5
250596,0.0,0.3,0.6344288770000001,1.0,0.3160696126,0.5252901599,0.3556683849,1.7320508076,0.6,0.9,0.1
331958,0.9,0.3,0.6495190528,2.0,0.316227766,0.5764847879999999,0.3687817783,2.4494897428,0.3,0.2,0.9
431277,0.7,0.0,0.4107919181,2.0,0.4242640687,1.0709345575,0.3659234893,3.4641016151,0.1,0.2,0.0
536547,0.6,0.3,0.5979130372,1.0,0.3160696126,0.501299963,0.3307567082,1.4142135624,0.2,0.8,0.3
264964,0.8,0.5,0.8392705166,1.0,0.316227766,0.5935430804999999,0.3507135583,3.3166247904,0.8,0.1,0.3
561694,0.8,0.1,0.54886246,3.0,0.316227766,0.6731571108,0.2944486373,3.3166247904,0.9,0.1,0.0
121893,0.9,0.3,1.0712142643,3.0,0.3741657387,0.867122152,0.3820994635,3.0,0.9,0.6,0.4
583076,0.8,0.3,0.7574628704,1.0,0.316227766,0.6383896321,0.3070830507,3.3166247904,0.3,0.8,0.3
438265,0.6,0.3,0.6118619125,3.0,0.4898979486,1.3281286156999998,0.4144876355,3.4641016151,0.5,0.5,0.6
526149,0.8,0.5,0.7949056548000001,3.0,0.3741657387,0.7413272662999999,0.3185906464,3.4641016151,0.3,0.1,0.4
88163,0.6,0.6,1.0470195796,3.0,0.3741657387,0.7355073584999999,0.31400636940000004,3.1622776602,0.3,0.9,0.4
551831,0.6,0.4,0.7495832175,3.0,0.4,0.7835472423000001,0.3848376281000001,3.3166247904,0.4,0.3,0.1
34188,0.4,0.0,0.6093028803,2.0,0.316227766,0.6184491401,0.30331501780000003,3.0,0.7,0.5,0.1
144945,0.9,0.1,0.4257346591,2.0,0.316227766,0.9498205572,0.3207802986,3.6055512755,0.1,0.2,0.8
437941,0.6,0.2,0.8620469825,3.0,0.4,0.8537205884000001,0.4176122604,3.1622776602,0.5,0.2,0.1
160576,0.5,0.1,0.5255949010000001,2.0,0.4242640687,1.1237720570999998,0.4,3.6055512755,0.7,0.4,0.2
574450,0.4,0.0,0.6892024376000001,3.0,0.4472135955,0.8155133251000001,0.4269660408,3.0,0.7,0.9,0.2
291517,0.9,1.4,0.8905756565,3.0,0.316227766,0.7509222979000001,0.3201562119,3.4641016151,0.5,0.8,0.5
550941,0.7,1.7,1.3198011214,1.0,0.4,0.6651290809,0.3070830507,3.1622776602,0.3,0.5,0.9
52547,0.9,0.6,0.8287792226999999,2.0,0.4,0.8688954706,0.3937003937,3.6055512755,0.3,0.0,0.2
169879,0.4,0.0,1.0591860082,1.0,0.316227766,0.6057404457,0.3619392214,2.8284271247,0.5,0.8,0.8
307674,0.6,0.4,0.4257346591,2.0,0.316227766,0.7086974433,0.3754996671,3.1622776602,0.7,0.3,0.2
399921,0.0,0.0,0.8842369592,2.0,0.3741657387,1.0166181174,0.3284813541,3.7416573868,0.6,0.6,0.1
9907,0.8,1.4,1.8067581465,3.0,0.3741657387,0.7298816841,0.3271085447,2.6457513111,0.9,0.6,0.5
522450,0.9,0.3,0.7615773106,3.0,0.3160696126,0.5653566124,0.3674234614,2.0,0.6,0.8,0.2
288506,0.9,1.7,2.2896506284,3.0,0.4898979486,1.0694286727,0.4283689998,3.0,0.4,0.0,0.4
493336,0.9,1.0,1.2162956055,2.0,0.4,1.0164758435,0.4013726448,3.7416573868,0.8,0.9,0.4
307670,0.7,0.2,0.6412877669,1.0,0.3160696126,0.4891382201,0.3307567082,1.4142135624,0.3,0.4,0.2
518884,0.9,1.0,1.1589326986,1.0,0.316227766,0.6786745712000001,0.299165506,3.4641016151,0.9,0.2,0.3
221633,0.4,0.0,0.7386643351000001,2.0,0.4,0.9596077883,0.3780211634,3.6055512755,0.5,0.0,0.0
286399,0.9,0.2,0.634921255,2.0,0.4,0.6868300643,0.3937003937,2.8284271247,0.0,0.0,0.1
266941,0.5,0.2,0.616948134,2.0,0.3741657387,0.8087333224,0.3903844259000001,3.4641016151,0.4,0.0,0.2
48079,0.7,0.2,0.6123724357,1.0,0.316227766,0.5783275974000001,0.2887905816,2.8284271247,0.3,0.7,0.9
574214,0.9,0.4,0.7424621201999999,3.0,0.3160696126,0.5768430756,0.3651027253,2.2360679775,0.2,0.3,0.0
488112,0.8,0.5,0.8580501151000001,3.0,0.4,0.8762358451000001,0.4074309757,3.4641016151,0.0,0.8,0.2
477215,0.7,0.4,0.4860555524,3.0,0.4,0.6187163464000001,0.3907684737,2.4494897428,0.2,0.0,0.0
464194,0.9,1.0,1.2434830115,1.0,0.316227766,0.6883175079,0.3744329045000001,3.0,0.0,0.2,0.7
145668,0.0,0.0,0.6174544518,3.0,0.4,0.7949868755,0.3663331817,3.4641016151,0.0,0.2,0.7
284345,0.9,1.5,1.4952006554,3.0,0.3741657387,0.6167764775,0.3907684737,2.8284271247,0.1,0.9,0.2
397187,0.9,1.2,2.0443519756,2.0,0.4242640687,0.9972689981,0.32557641190000003,3.3166247904,0.5,0.2,0.8
157410,0.8,0.4,0.8817596044,3.0,0.4469899328,0.8321534347,0.4527692569,2.4494897428,0.6,0.1,0.2
334933,0.7,0.2,0.6015604708,1.0,0.316227766,0.6412474928999999,0.3619392214,3.1622776602,0.4,0.4,0.3
416013,0.6,0.6,1.4100088652,3.0,0.3741657387,0.6019081229,0.3907684737,2.6457513111,0.8,0.4,0.2
552858,0.9,0.4,1.0770329614,2.0,0.316227766,0.7502375656999999,0.3687817783,3.7416573868,0.6,0.5,0.1
140415,0.9,1.2,1.2823318603,2.0,0.4242640687,1.7740670928,0.3879432948,3.4641016151,0.8,0.0,0.0
555117,0.9,0.2,1.186907747,2.0,0.4,0.9277516588,0.3348133809,3.6055512755,0.3,0.7,0.6
45645,0.7,0.2,0.7411983540000001,2.0,0.4898979486,1.0287399016,0.4949747468,3.3166247904,0.9,0.4,0.4
476622,0.5,0.3,0.7,3.0,0.316227766,0.615770699,0.3507135583,3.1622776602,0.9,0.8,0.7
428551,0.4,0.0,0.8081614937999999,1.0,0.316227766,0.7215971725,0.3619392214,3.7416573868,0.7,0.9,0.4
324119,0.0,0.3,0.810863737,2.0,0.316227766,0.7039880493,0.3814446225,3.1622776602,0.8,0.1,0.6
110410,0.9,0.4,0.6214901447,3.0,0.3741657387,0.7121292714,0.3185906464,3.1622776602,0.8,0.3,0.1
28770,0.8,0.9,1.2949420836,2.0,0.4472135955,1.0113100088,0.3704051835,3.3166247904,0.3,0.5,0.9
428199,0.6,0.7,1.3486103959,3.0,0.3741657387,0.7775916411,0.3907684737,3.6055512755,0.2,0.0,0.2
286991,0.9,0.3,0.68556546,3.0,0.4472135955,1.2875584718000002,0.4093897898,3.7416573868,0.0,0.3,0.4
215946,0.6,0.2,0.6466258578,3.0,0.3741657387,0.7182537363,0.3937003937,2.8284271247,0.0,0.7,0.3
95783,0.7,1.5,1.5260242462,2.0,0.4242640687,1.0886719486,0.4,3.4641016151,0.2,0.7,0.4
545262,0.8,0.6,0.7361215931999999,3.0,0.3994996871,0.6734486304,0.3984971769,2.6457513111,0.5,0.8,0.9
80798,0.4,0.0,0.454835135,3.0,0.4242640687,0.9138511733,0.410487515,3.3166247904,0.9,0.6,0.3
362520,0.9,0.3,0.7458216945,2.0,0.3741657387,0.7007080245,0.3666060556,3.3166247904,0.3,0.3,0.9
182593,0.4,0.0,0.9529559276,1.0,0.316227766,0.637093737,0.3521363372,3.4641016151,0.6,0.1,0.5
334401,0.8,0.2,1.0096410253,3.0,0.316227766,0.5931774643,0.3521363372,3.0,0.6,0.3,0.0
321465,0.9,1.6,1.43983506,3.0,0.4242640687,0.9655213125,0.3417601498,3.4641016151,0.3,0.3,0.6
205643,0.6,0.2,0.7128288715000001,3.0,0.4,0.71993457,0.5291502621999999,3.1622776602,0.6,0.7,0.9
301585,0.9,0.6,0.8223442101999999,2.0,0.3872983346,0.9625207951,0.4086563348,3.4641016151,0.0,0.5,0.9
556568,0.6,0.4,0.701338007,3.0,0.4472135955,0.801019495,0.4272001873,2.8284271247,0.3,0.1,0.9
58894,0.9,1.2,1.5797547278,3.0,0.4,0.6916861659,0.3685105155,3.0,0.7,0.9,0.3
416349,0.9,1.6,1.7771114203,3.0,0.4,0.8798713279000001,0.3907684737,3.6055512755,0.2,0.0,0.9
58054,0.6,0.4,0.6398241946000001,3.0,0.4,0.7795779214,0.3907684737,3.3166247904,0.5,0.3,0.2
553991,0.7,0.2,0.5425633604,3.0,0.316227766,0.6045967168999999,0.3583294573,2.8284271247,0.1,0.8,0.9
221668,0.9,0.3,0.7454025758,3.0,0.316227766,0.7692300540000001,0.3583294573,3.6055512755,0.2,0.1,0.8
361221,0.9,0.3,0.8295330012000001,2.0,0.4472135955,0.7830064965000001,0.3612478374,2.8284271247,0.2,0.7,0.2
18434,0.4,0.2,0.5889609495,3.0,0.316227766,0.7986209704999999,0.3615245497,3.7416573868,0.4,0.2,0.4
389706,0.9,1.7,1.5771810296000002,0.0,0.3741657387,0.7875582098,0.4301162634,3.6055512755,0.2,0.4,0.6
104607,0.7,0.4,0.8215838363,3.0,0.4469899328,1.0544180958,0.4527692569,3.4641016151,0.2,0.8,0.5
7477,0.9,1.7,1.852532051,3.0,0.4469899328,1.4535579034,0.3860051813,3.7416573868,0.6,0.9,0.5
592504,0.4,0.0,0.5618051264,3.0,0.4,0.8898184418999999,0.3974921383,3.4641016151,0.9,0.7,0.4
309201,0.6,0.6,1.247497495,1.0,0.316227766,0.6711198548,0.3583294573,3.4641016151,0.8,0.5,0.3
592200,0.6,0.3,0.6108395861,3.0,0.316227766,0.6909240429000001,0.3583294573,3.4641016151,0.4,0.0,0.2
583977,0.6,0.3,0.7988272654,3.0,0.3160696126,0.6416823189,0.3744329045000001,2.6457513111,0.9,0.2,0.2
246775,0.4,0.0,0.8227241336,1.0,0.3741657387,0.8626429693000001,0.3049590136,3.4641016151,0.7,0.1,0.5
249835,0.9,0.3,0.5367727638,3.0,0.316227766,0.6316546551,0.3583294573,3.0,0.6,0.7,0.6
21001,0.9,0.3,0.7483314774,1.0,0.3155946768,0.3916747259,0.3626292873,0.0,0.2,0.2,0.4
533864,0.9,0.8,1.4181854604,2.0,0.4472135955,1.5027000493,0.438520239,3.6055512755,0.1,0.1,0.0
553628,0.0,1.8,2.0731919834,0.0,0.3741657387,0.9659705863,0.3535533906,3.6055512755,0.8,0.8,0.2
3424,0.8,1.0,0.865303415,2.0,0.3741657387,0.8884358062000001,0.32756678710000003,3.4641016151,0.2,0.0,0.4
271751,0.6,0.0,1.3014415085,3.0,0.316227766,0.6767539197,0.2944486373,3.1622776602,0.0,0.7,0.7
302198,0.7,0.4,0.7956915231,3.0,0.4242640687,0.9215846037,0.4130375286,3.3166247904,0.6,0.1,0.0
489553,0.9,0.4,0.8242420761,2.0,0.3997499218,0.4917291131,0.3761648575,0.0,0.0,0.1,0.3
5557,0.9,1.2,1.5568397477,3.0,0.4,1.1233527886,0.43,3.6055512755,0.6,0.0,0.4
450515,0.6,0.6,1.3074306865,3.0,0.5,1.136490902,0.500999002,2.8284271247,0.2,0.2,0.3
58338,0.6,0.7,0.9877373133,3.0,0.3741657387,0.8144485534999999,0.3849675311,3.4641016151,0.4,0.2,0.4
153808,0.7,0.4,0.7004462862999999,3.0,0.3160696126,0.6184157311,0.3744329045000001,2.2360679775,0.6,0.5,0.0
508850,0.8,0.2,0.5477225575,2.0,0.4472135955,0.8045839744,0.4254409477,3.0,0.4,0.7,0.4
325351,0.8,1.1,1.4861863947999998,2.0,0.3741657387,0.6754956858,0.3666060556,3.1622776602,0.3,0.7,0.5
579022,0.7,0.7,0.6041522987,2.0,0.4,0.9700579347,0.3173326331,3.7416573868,0.0,0.2,0.5
58664,0.8,0.1,0.6461423992,2.0,0.3741657387,0.8656077977,0.3996248241,3.4641016151,0.6,0.5,0.9
205545,0.0,0.0,0.605702072,0.0,0.316227766,0.6619374268,0.3583294573,3.6055512755,0.5,0.1,0.3
174812,0.9,1.7,1.8967076738,2.0,0.4472135955,0.7774587762,0.4016217126,2.4494897428,0.7,0.9,0.6
141540,0.0,1.1,1.6138076094,3.0,0.4,1.008660842,0.3286335345,3.7416573868,0.9,0.8,0.2
557420,0.7,0.2,0.4987484336,1.0,0.316227766,0.6052627324000001,0.3619392214,2.6457513111,0.9,0.8,0.1
158767,0.9,0.2,0.5667892024,3.0,0.316227766,0.6159216705,0.3943348831,3.0,0.4,0.9,0.5
213586,0.9,0.9,1.150271707,3.0,0.4242640687,0.7940116784000001,0.3934463115,3.0,0.0,0.8,0.2
322049,0.0,0.0,0.8860022573,2.0,0.316227766,0.6304760106,0.30331501780000003,3.0,0.0,0.1,0.7
538314,0.4,0.0,1.0779030569,3.0,0.3160696126,0.5274882005,0.3773592453,2.2360679775,0.4,0.4,0.7
281215,0.9,1.6,1.4489220131,1.0,0.316227766,0.6586362068,0.3583294573,3.6055512755,0.0,0.8,0.7
588374,0.8,0.9,1.2144957801,2.0,0.316227766,0.9056183678,0.3817066937,3.6055512755,0.6,0.3,0.9
302956,0.7,0.0,0.5847007782,3.0,0.316227766,0.6387617153,0.3887158345,2.6457513111,0.3,0.7,0.7
217893,0.7,0.5,0.7901740315000001,1.0,0.316227766,0.5831660524,0.3507135583,2.8284271247,0.2,0.0,0.2
21719,0.6,1.1,1.2901065847,3.0,0.3741657387,0.6650048157,0.3926830783,2.8284271247,0.9,0.3,0.6
54898,0.3,0.0,1.3079086359999998,0.0,0.4242640687,0.9758552087,0.3468429039,3.6055512755,0.0,0.5,0.1
497286,0.4,0.2,0.4582575695,2.0,0.3741657387,0.6857462606,0.3286335345,2.8284271247,0.0,0.8,0.2
72855,0.8,0.5,1.1241663578,2.0,0.316227766,0.6057063359,0.3768288736,2.6457513111,0.3,0.4,0.0
343293,0.7,0.2,0.6814506585,3.0,0.4242640687,1.1086280703,0.3542597917,3.7416573868,0.4,0.8,0.3
543951,0.7,0.3,0.7106335201999999,2.0,0.3872983346,0.9617262372,0.4086563348,3.1622776602,0.0,0.2,0.9
11840,0.4,0.0,0.5208166664,3.0,0.4,0.7098335272,0.3708099244,3.0,0.7,0.6,0.4
347933,0.5,0.4,0.6456585785,2.0,0.423792402,0.6317200709,0.3293933818,2.4494897428,0.7,0.5,0.8
316995,0.5,0.3,0.7709571973,2.0,0.316227766,0.8481506376000001,0.3794733192,3.7416573868,0.0,0.5,0.1
501352,0.6,0.4,1.1895377253,3.0,0.4242640687,0.9641936639,0.3466987165,3.6055512755,0.6,0.6,0.2
165726,0.5,0.2,0.6098155459000001,2.0,0.4242640687,0.8751859307,0.4185689907,2.6457513111,0.5,0.0,0.1
287092,0.0,0.9,1.1107429946,0.0,0.5477225575,1.0731829733,0.3193743885,3.3166247904,0.9,0.4,0.6
239044,0.8,0.3,0.8562271895,2.0,0.5,1.5150621186000002,0.4427188724,3.7416573868,0.3,0.9,0.1
498017,0.3,0.0,0.9918417212,2.0,0.316227766,0.9067105199,0.3817066937,3.7416573868,0.2,0.8,0.2
312715,0.9,0.7,1.2567318728,3.0,0.316227766,0.6956921757,0.3619392214,3.4641016151,0.0,0.2,0.7
421032,0.6,0.6,1.1803071634,2.0,0.4242640687,1.1188191089,0.416533312,3.4641016151,0.0,0.5,0.2
265903,0.7,0.1,0.473682383,2.0,0.3872983346,0.9477790481,0.39,3.7416573868,0.6,0.8,0.1
499711,0.8,0.2,0.6,3.0,0.316227766,0.6677951881,0.2944486373,3.3166247904,0.9,0.7,0.8
512642,0.9,1.3,1.8521946442,3.0,0.4,0.8232670254000001,0.3974921383,3.3166247904,0.0,0.9,0.4
390815,0.9,0.6,0.7193747285,2.0,0.3741657387,0.7007080245,0.3666060556,3.3166247904,0.8,0.0,0.0
401725,0.7,0.9,1.2487493744,3.0,0.4472135955,1.5123458872,0.4449719092,3.7416573868,0.1,0.9,0.9
124058,0.9,0.3,0.6878408246,3.0,0.4469899328,0.8351028046,0.4527692569,2.6457513111,0.9,0.1,0.2
155914,0.9,1.2,1.2494999,3.0,0.4472135955,0.930492405,0.4679743583,3.0,0.8,0.9,0.5
585022,0.7,0.3,0.8204419541,3.0,0.316227766,0.7592133815000001,0.2944486373,3.7416573868,0.3,0.5,0.6
62307,0.9,1.2,1.1258330249,3.0,0.4,0.8607247571,0.4180908992,3.3166247904,0.6,0.3,0.7
261200,0.8,0.7,1.5483862567,3.0,0.6,1.5820548412,0.3962322551,3.4641016151,0.8,0.2,0.5
270921,0.9,0.3,0.6490377493,3.0,0.316227766,0.6834979309,0.3016620626,3.4641016151,0.9,0.6,0.2
535042,0.9,0.3,0.6964194139,1.0,0.3741657387,0.6954842537,0.3907684737,3.0,0.8,0.2,0.3
244271,0.7,0.2,0.7369701486,3.0,0.316227766,0.6071543161999999,0.3619392214,2.6457513111,0.2,0.2,0.9
476776,0.8,0.2,0.5733672471,3.0,0.4,0.905549922,0.3974921383,3.4641016151,0.5,0.1,0.9
201837,0.9,0.4,0.7644442426000001,2.0,0.316227766,0.6010665452,0.30331501780000003,2.8284271247,0.5,0.0,0.1
154721,0.9,1.0,1.6817030059,3.0,0.4242640687,0.996411433,0.4052159918,3.6055512755,0.7,0.4,0.8
536570,0.8,0.2,0.616948134,3.0,0.316227766,0.6179812509,0.3619392214,2.8284271247,0.1,0.0,0.8
50904,0.4,0.4,0.7838207703,3.0,0.3160696126,0.6615315313,0.3744329045000001,2.8284271247,0.2,0.3,0.8
377382,0.8,0.5,0.8377798040000001,3.0,0.4242640687,0.8165767084000001,0.40348482,3.0,0.3,0.0,0.3
403356,0.4,0.0,0.8660254037999999,2.0,0.4,0.9426203148,0.3848376281000001,3.7416573868,0.1,0.6,0.5
311039,0.9,0.3,0.725861557,3.0,0.3605551275,0.8965152923999999,0.2983286778,3.6055512755,0.8,0.4,0.7
486923,0.5,0.2,0.6726812024,1.0,0.3160696126,0.6453104833,0.3744329045000001,2.8284271247,0.2,0.4,0.1
461972,0.9,0.3,0.5367727638,3.0,0.3741657387,0.6969235820999999,0.3887158345,3.1622776602,0.0,0.9,0.8
121721,0.9,0.2,0.5979130372,1.0,0.316227766,0.5530904907,0.3507135583,2.8284271247,0.0,0.5,0.4
361393,0.9,1.4,1.5612494996,2.0,0.3872983346,0.919530962,0.4086563348,3.1622776602,0.0,0.6,0.8
231912,0.4,0.0,1.1034038245,2.0,0.4472135955,0.9367717557,0.3695943723,3.1622776602,0.9,0.0,0.4
59862,0.4,0.0,0.4100304867,2.0,0.4459820624000001,0.6459505137,0.3405877273,1.7320508076,0.0,0.5,0.3
482373,0.6,0.2,0.6412877669,2.0,0.4472135955,1.2239010925,0.4,3.7416573868,0.2,0.3,0.2
578446,0.9,0.2,0.692820323,2.0,0.5,1.2912291537,0.4174925149,3.6055512755,0.7,0.4,0.3
133393,0.8,0.1,0.4623310502,2.0,0.316227766,0.6708819900999999,0.3687817783,3.3166247904,0.2,0.6,0.5
82114,0.7,0.2,0.5267826876,1.0,0.3160696126,0.5253098259000001,0.3556683849,2.2360679775,0.1,0.5,0.8
151133,0.9,0.5,0.7664854858,1.0,0.316227766,0.770744515,0.34727510710000004,3.6055512755,0.6,0.2,0.2
517837,0.9,0.4,0.775403121,2.0,0.3741657387,0.710008148,0.3666060556,3.3166247904,0.2,0.6,0.0
115924,0.3,0.0,0.7586995453000001,1.0,0.316227766,0.6745828218000001,0.3070830507,3.6055512755,0.1,0.1,0.5
18706,0.8,1.2,1.4579523312,3.0,0.316227766,0.84341151,0.2944486373,3.7416573868,0.3,0.4,0.0
171827,0.9,0.3,0.7549834434999999,2.0,0.316227766,0.6464301206,0.3937003937,2.8284271247,0.5,0.7,0.9
30173,0.9,0.2,0.5111262075,2.0,0.4242640687,0.9617154955,0.3972404813,3.1622776602,0.4,0.0,0.4
531139,0.5,0.2,0.5105144464,2.0,0.316227766,0.6010665452,0.3687817783,2.8284271247,0.8,0.6,0.6
271787,0.4,0.0,0.6485560886,2.0,0.316227766,0.7543811431,0.3687817783,3.6055512755,0.3,0.0,0.5
143120,0.4,0.0,0.6062177826,2.0,0.4,0.7427333926999999,0.3780211634,3.0,0.2,0.4,0.8
507119,0.9,1.4,1.5634497114,3.0,0.316227766,0.7161363276,0.3615245497,3.3166247904,0.5,0.0,0.2
453169,0.9,1.7,2.6879360111,3.0,0.4472135955,1.1249150565,0.4975942122,3.1622776602,0.3,0.6,0.7
291125,0.3,0.0,0.6179603547,3.0,0.4472135955,0.7269601601000001,0.4062019202,2.8284271247,0.9,0.5,0.4
182940,0.9,0.5,0.825,2.0,0.4,0.7815670844,0.3698648402,3.3166247904,0.4,0.2,0.0
357997,0.8,0.9,1.0671222985,3.0,0.3741657387,0.7741964643000001,0.3926830783,3.3166247904,0.8,0.2,0.5
192841,0.7,1.3,1.3315873986,3.0,0.3741657387,0.7466177178,0.3907684737,3.4641016151,0.1,0.6,0.8
355471,0.9,0.5,0.8219641111,2.0,0.316227766,0.6057063359,0.3687817783,2.8284271247,0.1,0.5,0.5
277318,0.5,0.2,0.58630197,3.0,0.316227766,0.7621468156,0.374566416,3.3166247904,0.6,0.0,0.7
438540,0.5,0.2,0.6628536792,0.0,0.3605551275,0.6270421183,0.3241913015,2.2360679775,0.7,0.9,0.1
193844,0.6,0.0,1.3953046262,3.0,0.3741657387,0.7832307534999999,0.3850973903,3.3166247904,0.0,0.6,0.7
238348,0.9,1.1,1.2661457262,2.0,0.4459820624000001,0.5888951695,0.4062019202,1.0,0.2,0.5,0.5
358854,0.6,0.4,0.6609652033,3.0,0.4,0.9876091843,0.3834057903,3.6055512755,0.6,0.1,0.8
535843,0.9,0.9,0.768927825,3.0,0.4,0.7862716709,0.35608987630000005,3.0,0.7,0.2,0.1
335736,0.7,0.2,0.54886246,0.0,0.3997499218,0.7548192274,0.423083916,3.3166247904,0.5,0.9,0.3
381731,0.7,0.7,0.904157066,3.0,0.3741657387,0.7404906794,0.3926830783,3.3166247904,0.2,0.0,0.0
101979,0.8,1.1,1.1887493428,3.0,0.316227766,0.698907057,0.3615245497,3.1622776602,0.3,0.7,0.8
33606,0.8,0.3,0.7652613933,2.0,0.316227766,0.7091491818000001,0.3687817783,3.6055512755,0.3,0.2,0.2
292229,0.9,0.4,0.7599342077,2.0,0.4242640687,0.8981040636,0.32557641190000003,2.8284271247,0.3,0.5,0.3
326571,0.4,0.0,0.6509608283,2.0,0.4242640687,1.2724269126,0.3789459064,3.7416573868,0.3,0.1,0.2
48689,0.4,0.0,0.6219927652,1.0,0.316227766,0.6010665452,0.3615245497,2.6457513111,0.7,0.8,0.8
36655,0.5,0.0,0.5673402859000001,2.0,0.4,0.8755635729000001,0.3780211634,3.6055512755,0.5,0.9,0.6
481159,0.5,0.2,0.6637959024,3.0,0.4,0.7397788367,0.3826225294,2.4494897428,0.0,0.6,0.1
394870,0.8,1.2,1.469481201,2.0,0.4,0.8262356136,0.3907684737,3.4641016151,0.8,0.8,0.8
226171,0.9,0.4,1.0723805295,3.0,0.3974921383,0.5278797446,0.3376388603,1.7320508076,0.2,0.5,0.3
263539,0.9,0.3,0.4937104415,3.0,0.4,0.7489800227,0.3663331817,3.3166247904,0.9,0.4,0.7
64379,0.9,1.3,1.3772708521,3.0,0.316227766,0.7662293638,0.374566416,3.3166247904,0.1,0.7,0.4
434590,0.8,0.3,0.7163274391,2.0,0.4,0.7272585226,0.3937003937,3.1622776602,0.3,0.3,0.4
497864,0.8,0.4,1.0012492197,3.0,0.316227766,0.6855955968,0.3667424164,3.1622776602,0.8,0.5,0.0
49143,0.5,0.2,0.6595452978999999,2.0,0.4,0.9424000046,0.4023679908,3.6055512755,0.6,0.9,0.2
163,0.9,0.4,0.6982120022,1.0,0.316227766,0.5203701797,0.3307567082,1.7320508076,0.7,0.9,0.0
496159,0.0,0.0,0.7541551564,1.0,0.316227766,0.498282173,0.2887905816,1.4142135624,0.9,0.5,0.9
520676,0.5,0.4,0.8325412903,3.0,0.4,0.8034661482,0.3685105155,3.6055512755,0.9,0.8,0.9
305395,0.6,0.3,0.7562241731,3.0,0.3741657387,0.9409200702,0.3996248241,3.7416573868,0.3,0.8,0.5
53646,0.6,1.0,1.2616952881,2.0,0.4,1.0148382601,0.3920459157,3.6055512755,0.8,0.9,0.3
286222,0.9,0.3,0.6538348414999999,2.0,0.423792402,0.5805027744,0.4086563348,1.0,0.7,0.7,0.0
203261,0.6,0.2,0.5878988008,3.0,0.3160696126,0.4454545455,0.3708099244,0.0,0.2,0.9,0.8
199653,0.5,0.3,0.8681877677,2.0,0.3741657387,0.9761357022,0.3903844259000001,3.6055512755,0.3,0.6,0.5
376184,0.9,1.0,1.5502015997999998,2.0,0.4,0.7951427961,0.3856163897,3.3166247904,0.0,0.5,0.1
508119,0.5,0.0,0.5338539125999999,2.0,0.316227766,0.6026113971,0.30331501780000003,2.8284271247,0.7,0.3,0.7
158797,0.4,0.0,0.8842369592,3.0,0.3872983346,0.868836022,0.3286335345,3.7416573868,0.6,0.7,0.1
349970,0.9,0.3,1.0179636536,3.0,0.316227766,0.7117229705,0.3615245497,3.3166247904,0.8,0.0,0.7
98309,0.9,1.2,1.475423668,3.0,0.4472135955,0.8819704648000001,0.3748332963,3.1622776602,0.0,0.2,0.5
363013,0.4,0.0,0.5431390246,1.0,0.316227766,0.7133178212000001,0.3619392214,3.6055512755,0.2,0.1,0.0
80951,0.3,0.0,0.6581223291,3.0,0.3160696126,0.5242270973,0.3521363372,1.4142135624,0.5,0.4,0.8
561618,0.7,0.6,1.191112925,3.0,0.4472135955,0.9250530474,0.4272001873,3.3166247904,0.7,0.9,0.5
344753,0.5,0.2,0.697316284,3.0,0.3741657387,0.6533922923,0.3185906464,2.8284271247,0.2,0.5,0.5
57476,0.9,1.2,1.2833062768,3.0,0.3741657387,0.8332575723000001,0.3248076354,3.0,0.1,0.1,0.5
338600,0.9,0.2,0.6072478901,3.0,0.4236744033,0.7432478425,0.4347413024,2.0,0.6,0.2,0.1
555585,0.3,0.0,1.5010413052,2.0,0.4472135955,1.1379625115,0.3823610859,3.4641016151,0.9,0.6,0.4
199621,0.8,0.9,0.8584142357,3.0,0.3741657387,0.7699817536,0.3937003937,3.1622776602,0.7,0.7,0.7
34338,0.6,0.4,0.7474958194,3.0,0.3741657387,0.7413272662999999,0.3887158345,3.4641016151,0.3,0.6,0.2
188333,0.9,0.5,0.8325412903,2.0,0.4,0.9833053762,0.3780211634,3.6055512755,0.5,0.0,0.6
498288,0.9,0.3,0.7988272654,3.0,0.316227766,0.656389448,0.2887905816,3.1622776602,0.3,0.8,0.0
501775,0.9,0.8,1.4120021246,2.0,0.4472135955,1.5355296284,0.4562893819,3.4641016151,0.5,0.6,0.7
423690,0.7,0.6,0.8019507466,3.0,0.4,0.8112713215,0.3911521443,3.3166247904,0.8,0.0,0.4
205554,0.6,0.4,0.9496709957,1.0,0.316227766,0.5941867141,0.3016620626,2.8284271247,0.8,0.6,0.5
112788,0.9,1.4,1.555434023,1.0,0.3741657387,0.5799330254999999,0.3204684072,2.8284271247,0.4,0.0,0.3
273451,0.3,0.0,0.6773108592,3.0,0.3741657387,0.7775916411,0.3907684737,3.6055512755,0.7,0.3,0.5
319136,0.9,0.6,1.0188841936,3.0,0.316227766,0.7224413384999999,0.3615245497,3.4641016151,0.4,0.6,0.4
534154,0.9,0.8,1.0591860082,3.0,0.4,0.8828531883,0.3708099244,3.4641016151,0.9,0.6,0.0
447852,0.6,0.4,0.4974937186,3.0,0.316227766,0.6603123478,0.3619392214,3.1622776602,0.4,0.9,0.4
549924,0.4,0.0,0.5782516753,0.0,0.4220189569,0.582031211,0.31144823,1.0,0.8,0.6,0.3
103498,0.9,0.6,1.09772492,2.0,0.4242640687,1.0134732849,0.35608987630000005,3.1622776602,0.4,0.0,0.2
481207,0.3,0.0,0.7870038119,2.0,0.4,0.6870255688,0.3376388603,2.8284271247,0.8,0.7,0.4
279355,0.9,0.6,0.9020809276,3.0,0.316227766,0.5478168542,0.2887905816,2.2360679775,0.2,0.3,0.6
540733,0.3,0.0,0.8219641111,0.0,0.4242640687,0.8450622256999999,0.4189272013000001,3.0,0.3,0.0,0.3
374327,0.9,0.3,0.7224091638,3.0,0.4,0.6972940615000001,0.3911521443,2.6457513111,0.5,0.1,0.7
275180,0.6,0.6,0.9334077351,3.0,0.4,0.6691242581,0.3926830783,2.8284271247,0.4,0.7,0.7
299538,0.6,0.5,0.957862203,2.0,0.4,0.9548700747,0.363868108,3.1622776602,0.9,0.4,0.1
332588,0.9,0.6,1.1789826123,2.0,0.4,0.6914172772,0.3232645975,3.1622776602,0.7,0.9,0.6
493350,0.7,0.2,0.4366062299,1.0,0.316227766,0.6690161767,0.3507135583,3.6055512755,0.3,0.3,0.5
458884,0.0,0.0,1.4730919863,3.0,0.4,0.8417563298999999,0.3962322551,3.3166247904,0.8,0.3,0.0
447813,0.3,0.0,0.4776243294,3.0,0.316227766,0.7293578065,0.3615245497,3.4641016151,0.1,0.5,0.8
357687,0.4,0.0,1.2930100541,3.0,0.3741657387,0.7076325329,0.3907684737,3.1622776602,0.1,0.9,0.2
46205,0.4,0.0,0.5202163012,2.0,0.316227766,0.8596274179000001,0.3615245497,3.7416573868,0.3,0.2,0.7
460106,0.7,1.4,1.3439680056,2.0,0.5,1.5048200793000002,0.4427188724,3.7416573868,0.0,0.2,0.3
573329,0.5,0.6,1.0380269746,2.0,0.4,1.0878109416,0.3730951621,3.4641016151,0.5,0.0,0.9
283080,0.3,0.0,0.6528782429,2.0,0.5291502621999999,1.0966138716,0.5361902647,2.8284271247,0.3,0.1,0.8
47879,0.6,0.7,1.139627132,2.0,0.4242640687,1.1297352136,0.416533312,3.4641016151,0.0,0.2,0.9
473547,0.9,0.6,0.7416198487000001,3.0,0.4472135955,0.9316296927,0.4272001873,3.3166247904,0.9,0.8,0.3
39719,0.8,0.4,0.7885905148000001,2.0,0.316227766,0.7051610214,0.3814446225,3.1622776602,0.2,0.0,0.9
378320,0.4,0.0,0.7709571973,2.0,0.4,0.7533670974,0.3376388603,3.3166247904,0.8,0.3,0.1
275503,0.9,0.7,1.1656543227,2.0,0.3872983346,0.9624778628,0.33615472630000004,3.3166247904,0.4,0.7,0.1
356373,0.9,0.2,0.5618051264,3.0,0.4,0.7230130939,0.3974921383,2.6457513111,0.9,0.0,0.0
29600,0.0,0.0,0.8366600265,3.0,0.3741657387,0.7623772086,0.3598610843,3.4641016151,0.1,0.2,0.7
578149,0.9,0.4,0.739087275,2.0,0.3741657387,0.7380872084000001,0.3666060556,3.4641016151,0.4,0.7,0.7
228636,0.9,0.3,0.5539629952,0.0,0.3605551275,0.6431778028,0.4024922359000001,2.8284271247,0.4,0.8,0.4
382713,0.4,0.0,0.608276253,2.0,0.4,0.8717501632,0.3780211634,3.4641016151,0.3,0.0,0.1
479895,0.7,0.3,0.5184110338,3.0,0.4,0.793582212,0.3248076354,3.4641016151,0.4,0.8,0.1
204841,0.6,0.2,0.6354132514,2.0,0.4242640687,0.8861071890000001,0.3964845520000001,2.8284271247,0.9,0.8,0.2
294940,0.9,0.3,0.6412877669,0.0,0.3605551275,0.7118535925,0.4024922359000001,3.3166247904,0.2,0.9,0.4
506548,0.6,0.4,0.7245688373,2.0,0.4,0.7531065140000001,0.3376388603,3.3166247904,0.2,0.4,0.0
431078,0.7,0.2,0.5968668193,3.0,0.4242640687,0.8599923120999999,0.3992492956,3.3166247904,0.9,0.9,0.6
480920,0.4,0.0,0.5437140793,3.0,0.316227766,0.8086822256999999,0.3615245497,3.7416573868,0.7,0.6,0.0
356162,0.7,0.2,0.8642193009,1.0,0.3160696126,0.5563495245000001,0.3307567082,2.2360679775,0.5,0.5,0.7
332811,0.7,0.4,0.6882949948999999,1.0,0.316227766,0.6768607655,0.3070830507,3.6055512755,0.9,0.9,0.7
407281,0.8,0.8,1.3332291626,2.0,0.4,0.7194321681999999,0.3938273734,3.1622776602,0.0,0.1,0.5
248352,0.9,0.4,0.6642665128,3.0,0.316227766,0.5935430804999999,0.2944486373,2.6457513111,0.6,0.6,0.5
430511,0.5,0.3,0.7079901129,3.0,0.3741657387,0.766579825,0.3278719262,3.4641016151,0.3,0.3,0.8
308983,0.3,0.0,0.8488963423,2.0,0.399374511,0.5231223803,0.34278273,0.0,0.6,0.8,0.2
82304,0.9,0.3,0.725,3.0,0.3741657387,0.7056150239,0.3887158345,3.3166247904,0.2,0.3,0.7
442844,0.5,0.4,0.692820323,3.0,0.4,0.8822398242,0.3834057903,3.7416573868,0.5,0.6,0.3
161715,0.7,0.4,0.3881043674,3.0,0.3872983346,0.914642142,0.3286335345,3.7416573868,0.8,0.9,0.6
247027,0.9,0.2,0.5640257086,2.0,0.3160696126,0.5581477632,0.3788139385,2.2360679775,0.3,0.8,0.7
117992,0.6,0.3,0.7115124734999999,2.0,0.4,0.6654862139,0.3201562119,3.0,0.2,0.6,0.1
396110,0.9,0.9,1.1205467416,1.0,0.316227766,0.6586048364,0.3748332963,3.4641016151,0.8,0.1,0.8
25279,0.9,1.6,1.8748333259,3.0,0.608276253,1.6353532234,0.432087954,3.4641016151,0.1,0.5,0.9
151429,0.4,0.0,0.7512489601000001,3.0,0.316227766,0.6718975226999999,0.3685105155,3.1622776602,0.2,0.3,0.3
306988,0.6,0.6,1.3421065531,2.0,0.5916079783,1.677746915,0.4987985565,3.6055512755,0.2,0.9,0.9
143869,0.7,0.3,0.5958187643999999,1.0,0.3155946768,0.4915820303,0.3626292873,0.0,0.6,0.8,0.0
560219,0.4,0.0,0.8139410298,2.0,0.3741657387,0.6640720861,0.3666060556,3.1622776602,0.8,0.2,0.9
155457,0.7,0.3,0.7176350047,3.0,0.3998749805,0.6670212556,0.3817066937,2.4494897428,0.0,0.6,0.1
574625,0.9,0.8,1.1185928661,3.0,0.3741657387,0.7709069468,0.3974921383,3.1622776602,0.4,0.1,0.1
554582,0.9,1.6,1.8354154843,3.0,0.4472135955,1.5156279553999998,0.4669047012,3.6055512755,0.2,0.2,0.2
573465,0.9,0.2,0.4828301979,2.0,0.316227766,0.8884009220999999,0.3817066937,3.6055512755,0.0,0.5,0.8
227952,0.6,0.0,0.4892596448,3.0,0.4,0.8967745232,0.3096772513,3.7416573868,0.6,0.6,0.3
481137,0.7,1.0,1.6138076094,2.0,0.4242640687,1.234365029,0.35,3.6055512755,0.6,0.9,0.1
520328,0.5,0.1,0.679613861,3.0,0.3741657387,0.741028992,0.3907684737,3.3166247904,0.0,0.3,0.9
443081,0.7,0.4,0.9253377762,2.0,0.4242640687,0.7710811343,0.32557641190000003,2.4494897428,0.3,0.5,0.4
55990,0.8,1.4,1.3731806144999998,3.0,0.4472135955,1.2922692898,0.3908964057,3.3166247904,0.6,0.7,0.9
546817,0.6,0.2,0.6860211367,3.0,0.4,0.7029747888,0.3663331817,3.0,0.2,0.2,0.2
201354,0.9,0.8,0.9937303457,2.0,0.4472135955,0.9328486542,0.4268489194,3.4641016151,0.5,0.1,0.7
41571,0.0,0.0,0.527967802,2.0,0.4,0.8883892937000001,0.4013726448,3.4641016151,0.9,0.6,0.4
77696,0.9,0.7,0.775403121,3.0,0.4468780594,0.5691446388,0.4301162634,1.0,0.9,0.9,0.1
100973,0.3,0.0,0.5931905259,3.0,0.4,0.8894468520000001,0.3984971769,3.3166247904,0.1,0.3,0.8
541053,0.8,0.3,0.5958187643999999,2.0,0.3741657387,0.8981886041,0.3903844259000001,3.4641016151,0.3,0.7,0.7
474873,0.4,0.0,0.8,2.0,0.4472135955,1.0573195292,0.3683748091,3.6055512755,0.0,0.5,0.4
423371,0.7,0.3,0.5522680509000001,3.0,0.316227766,0.6842532275,0.3667424164,3.1622776602,0.1,0.2,0.8
293386,0.9,0.4,0.7640353395,2.0,0.3741657387,0.7876893712,0.3814446225,3.4641016151,0.7,0.7,0.2
358389,0.6,0.1,0.6108395861,2.0,0.316227766,0.85929531,0.3768288736,3.7416573868,0.1,0.1,0.0
420683,0.4,0.3,0.5556527693,2.0,0.316227766,0.7023278884,0.3768288736,3.3166247904,0.9,0.3,0.6
222755,0.0,0.4,0.7941190087000001,3.0,0.4,0.9136815909,0.3248076354,3.6055512755,0.0,0.7,0.2
16784,0.7,0.2,0.7185053932,3.0,0.4235563717,0.6742764717,0.4633573135,2.0,0.2,0.5,0.2
576591,0.7,0.3,0.5857687257,3.0,0.3160696126,0.6870556415000001,0.3744329045000001,3.0,0.6,0.3,0.0
382829,0.8,0.3,0.7150174823000001,3.0,0.3160696126,0.58731424,0.3702701716,2.2360679775,0.2,0.8,0.4
233766,0.7,0.1,0.4828301979,2.0,0.3741657387,0.7668223581,0.3814446225,3.1622776602,0.4,0.1,0.0
130237,0.7,0.4,0.4860555524,3.0,0.3741657387,0.88397113,0.3190611227,3.6055512755,0.6,0.0,0.5
61088,0.6,0.5,0.6219927652,1.0,0.4,0.6494116853999999,0.34727510710000004,3.0,0.2,0.9,0.8
383914,0.7,0.4,0.8310385069,3.0,0.316227766,0.7558313248999999,0.2887905816,3.6055512755,0.1,0.6,0.1
137093,0.8,0.8,1.0401322031,3.0,0.316227766,0.8030803301,0.374566416,3.6055512755,0.4,0.0,0.6
280104,0.7,0.2,0.6475916923,3.0,0.316227766,0.7662293638,0.374566416,3.3166247904,0.9,0.9,0.1
122954,0.9,0.2,0.6184658438,3.0,0.316227766,0.6546874846,0.3619392214,3.1622776602,0.3,0.0,0.6
212695,0.0,0.0,0.6675514961,1.0,0.316227766,0.6113594119,0.34727510710000004,3.0,0.5,0.2,0.9
567795,0.3,0.0,0.7483314774,3.0,0.4,0.731126155,0.32,2.4494897428,0.3,0.9,0.0
523794,0.9,0.6,0.8580501151000001,3.0,0.3605551275,0.6160390671,0.3667424164,2.2360679775,0.7,0.5,0.6
556423,0.4,0.0,0.6368869601,2.0,0.3741657387,0.86382773,0.3996248241,3.4641016151,0.4,0.4,0.2
422614,0.8,1.2,1.564049232,3.0,0.3741657387,0.8499635384,0.3788139385,3.0,0.6,0.5,0.5
244170,0.9,0.2,0.5208166664,2.0,0.3741657387,0.8799300309999999,0.3307567082,3.6055512755,0.2,0.6,0.1
132557,0.8,0.6,1.0440306509,3.0,0.3741657387,0.6967901612999999,0.3185906464,3.0,0.8,0.5,0.9
131147,0.6,0.5,0.8558621384,3.0,0.316227766,0.6468614628,0.31144823,2.8284271247,0.9,0.4,0.4
380434,0.9,1.2,1.4203872711,3.0,0.4242640687,1.3006276298,0.3728270376,3.7416573868,0.0,0.9,0.9
578676,0.7,0.3,0.6279928344,3.0,0.4,0.8577430504000001,0.3241913015,3.6055512755,0.7,0.4,0.5
593924,0.9,0.3,0.7566372975,3.0,0.316227766,0.8833947949,0.374566416,3.6055512755,0.0,0.3,0.6
7737,0.6,0.7,1.2275483697,2.0,0.4242640687,0.9006884419,0.4185689907,2.8284271247,0.3,0.0,0.6
582631,0.7,1.0,1.1155155759,3.0,0.316227766,0.6052627324000001,0.3016620626,2.6457513111,0.1,0.0,0.8
221305,0.4,0.6,1.3840610536000002,2.0,0.3872983346,0.875752333,0.3883297568,3.6055512755,0.0,0.6,0.0
19965,0.8,0.4,0.98836987,1.0,0.316227766,0.5734843481,0.3583294573,2.6457513111,0.7,0.0,0.2
3306,0.9,0.6,1.0982941318,3.0,0.4242640687,0.8485768348,0.4347413024,2.8284271247,0.0,0.3,0.5
309463,0.9,0.4,0.8444672877,3.0,0.4472135955,0.9390261132,0.4679743583,2.8284271247,0.4,0.6,0.2
213510,0.3,0.0,0.7193747285,3.0,0.4,0.7159054834,0.3685105155,3.1622776602,0.1,0.6,0.4
575357,0.6,0.3,0.7673004627,3.0,0.4,0.7518984237999999,0.3663331817,3.3166247904,0.6,0.4,0.3
206042,0.4,0.2,0.6373774392,3.0,0.316227766,0.7134336712999999,0.3615245497,3.3166247904,0.9,0.5,0.7
449717,0.8,0.5,0.8093207028,2.0,0.316227766,0.8333815413,0.3248076354,3.6055512755,0.7,0.8,0.0
222378,0.9,0.2,0.4769696007,3.0,0.316227766,0.8518696015999999,0.3181194744,3.7416573868,0.9,0.3,0.0
537488,0.8,0.3,0.9233092656,3.0,0.4,0.7988337315,0.3708099244,3.3166247904,0.1,0.9,0.5
304786,0.9,0.3,0.4315669125,1.0,0.316227766,0.6111227981,0.34727510710000004,3.0,0.8,0.1,0.9
343453,0.7,0.6,0.938416219,3.0,0.316227766,0.733129824,0.3016620626,3.1622776602,0.7,0.8,0.7
108219,0.6,0.2,0.4937104415,2.0,0.4242640687,0.7714293913,0.3933192088,2.4494897428,0.6,0.4,0.8
357913,0.9,1.3,1.2178361959,0.0,0.5,1.0902365351,0.4174925149,3.6055512755,0.8,0.6,0.9
556051,0.6,0.2,0.6698880503,2.0,0.3741657387,0.9795955482,0.3284813541,3.6055512755,0.1,0.6,0.8
287023,0.4,0.0,0.5326818938,3.0,0.3160696126,0.5308265814,0.3640054945,2.0,0.7,0.9,0.9
443913,0.9,1.1,1.6056540723,3.0,0.399374511,0.7704243759,0.4062019202,2.4494897428,0.5,0.8,0.1
90108,0.9,0.2,0.7373940602,2.0,0.316227766,0.6251941847,0.3687817783,3.0,0.0,0.3,0.8
297306,0.6,0.4,0.701338007,3.0,0.3741657387,0.7850356626999999,0.4129164564,3.1622776602,0.2,0.1,0.2
